{
  "2025-03": {
    "qty": 583,
    "revenue": 48794.47000000003
  },
  "2024-02": {
    "qty": 2,
    "revenue": 148.5
  },
  "2025-04": {
    "qty": 1518,
    "revenue": 122308.79184999986
  },
  "2020-02": {
    "qty": 3,
    "revenue": 176.11
  },
  "2021-10": {
    "qty": 3,
    "revenue": 387.0
  },
  "2022-05": {
    "qty": 15,
    "revenue": 1817.0
  },
  "2022-08": {
    "qty": 1,
    "revenue": 70.0
  },
  "2022-12": {
    "qty": 14,
    "revenue": 755.1911999999999
  },
  "2024-07": {
    "qty": 5,
    "revenue": 686.0
  },
  "2024-09": {
    "qty": 5,
    "revenue": 715.95
  },
  "2018-09": {
    "qty": 3,
    "revenue": 361.0
  },
  "2022-07": {
    "qty": 6,
    "revenue": 422.4
  },
  "2022-10": {
    "qty": 9,
    "revenue": 1063.0
  },
  "2022-11": {
    "qty": 2,
    "revenue": 138.0
  },
  "2023-06": {
    "qty": 11,
    "revenue": 1153.75
  },
  "2023-09": {
    "qty": 6,
    "revenue": 541.5
  },
  "2024-10": {
    "qty": 3,
    "revenue": 287.95
  },
  "2023-07": {
    "qty": 2,
    "revenue": 218.0
  },
  "2024-05": {
    "qty": 6,
    "revenue": 355.5
  },
  "2025-02": {
    "qty": 5,
    "revenue": 431.0
  },
  "2024-03": {
    "qty": 9,
    "revenue": 658.5
  },
  "2024-06": {
    "qty": 4,
    "revenue": 576.0
  },
  "2017-12": {
    "qty": 10,
    "revenue": 661.0
  },
  "2020-09": {
    "qty": 6,
    "revenue": 582.4
  },
  "2021-03": {
    "qty": 6,
    "revenue": 450.54999999999995
  },
  "2022-01": {
    "qty": 2,
    "revenue": 145.8
  },
  "2022-03": {
    "qty": 5,
    "revenue": 508.0
  },
  "2022-09": {
    "qty": 2,
    "revenue": 134.0
  },
  "2023-08": {
    "qty": 11,
    "revenue": 683.0
  },
  "2025-05": {
    "qty": 2163,
    "revenue": 164517.43999999992
  },
  "2017-06": {
    "qty": 1,
    "revenue": 66.75
  },
  "2020-06": {
    "qty": 1,
    "revenue": 119.25
  },
  "2020-04": {
    "qty": 4,
    "revenue": 197.0
  },
  "2021-12": {
    "qty": 2,
    "revenue": 178.0
  },
  "2025-06": {
    "qty": 2279,
    "revenue": 170929.5328999995
  },
  "2025-07": {
    "qty": 3242,
    "revenue": 193092.94200000053
  },
  "2025-08": {
    "qty": 2517,
    "revenue": 177410.92499999932
  },
  "2025-09": {
    "qty": 2631,
    "revenue": 202556.43000999876
  },
  "2024-08": {
    "qty": 5,
    "revenue": 380.2
  },
  "2025-10": {
    "qty": 2621,
    "revenue": 212520.29499999943
  },
  "2025-11": {
    "qty": 2570,
    "revenue": 198723.23578999974
  },
  "2023-02": {
    "qty": 5,
    "revenue": 219.42000000000002
  },
  "2023-04": {
    "qty": 5,
    "revenue": 421.5
  },
  "2025-01": {
    "qty": 2,
    "revenue": 103.5
  },
  "2025-12": {
    "qty": 2654,
    "revenue": 211323.73499999888
  },
  "2023-12": {
    "qty": 1,
    "revenue": 200.0
  },
  "2026-01": {
    "qty": 1702,
    "revenue": 91276.66894000006
  },
  "2026-02": {
    "qty": 1175,
    "revenue": 79580.58500000012
  },
  "2024-12": {
    "qty": 1,
    "revenue": 159.2
  },
  "2026-03": {
    "qty": 435,
    "revenue": 35727.10500000002
  }
}